{
  "$id": "1",
  "definitionId": "bec3081313c8450eb25ff7bfe1a85c5b",
  "versionId": "30dcd8e6a687469a938f60d3eec071a8",
  "name": "MWPCreation_SIT",
  "displayName": "MWPCreation_SIT",
  "description": "Modified By Lance",
  "version": 41,
  "variables": {
    "$id": "2",
    "data": {
      "TotalSPVRequestOrder": 0,
      "CreatedSPVRequestOrder": 0
    }
  },
  "customAttributes": {
    "$id": "3",
    "data": {}
  },
  "isSingleton": false,
  "persistenceBehavior": "WorkflowBurst",
  "deleteCompletedInstances": false,
  "isPublished": false,
  "isLatest": true,
  "activities": [
    {
      "$id": "4",
      "activityId": "7fd2764e-952c-4f98-9860-584d4a89f718",
      "type": "HttpEndpoint",
      "displayName": "HTTP Endpoint",
      "persistWorkflow": false,
      "loadWorkflowContext": false,
      "saveWorkflowContext": false,
      "properties": [
        {
          "$id": "5",
          "name": "Path",
          "expressions": {
            "$id": "6",
            "Literal": "/api/PlaceOrder"
          }
        },
        {
          "$id": "7",
          "name": "Methods",
          "expressions": {
            "$id": "8",
            "Json": "[\"POST\"]"
          }
        },
        {
          "$id": "9",
          "name": "ReadContent",
          "expressions": {
            "$id": "10",
            "Literal": "true"
          }
        },
        {
          "$id": "11",
          "name": "TargetType",
          "expressions": {
            "$id": "12"
          }
        },
        {
          "$id": "13",
          "name": "Authorize",
          "expressions": {
            "$id": "14"
          }
        },
        {
          "$id": "15",
          "name": "Policy",
          "expressions": {
            "$id": "16"
          }
        }
      ],
      "propertyStorageProviders": {}
    },
    {
      "$id": "17",
      "activityId": "143caf97-50db-40d1-8f6d-2db6f26c78da",
      "type": "CreateMwp",
      "name": "AddMWP",
      "displayName": "Create_Mwp",
      "persistWorkflow": false,
      "loadWorkflowContext": false,
      "saveWorkflowContext": false,
      "properties": [],
      "propertyStorageProviders": {}
    },
    {
      "$id": "18",
      "activityId": "ae60773c-75ea-45c1-ac42-f189eb6a5fd4",
      "type": "SetVariable",
      "displayName": "Set Variable",
      "persistWorkflow": false,
      "loadWorkflowContext": false,
      "saveWorkflowContext": false,
      "properties": [
        {
          "$id": "19",
          "name": "VariableName",
          "expressions": {
            "$id": "20",
            "Literal": "MWPRequest"
          }
        },
        {
          "$id": "21",
          "name": "Value",
          "syntax": "JavaScript",
          "expressions": {
            "$id": "22",
            "JavaScript": "input"
          }
        }
      ],
      "propertyStorageProviders": {}
    },
    {
      "$id": "23",
      "activityId": "6ec8f321-996f-4eea-8ff2-b5f02cbc98f2",
      "type": "ForEach",
      "displayName": "For Each",
      "persistWorkflow": false,
      "loadWorkflowContext": false,
      "saveWorkflowContext": false,
      "properties": [
        {
          "$id": "24",
          "name": "Items",
          "syntax": "JavaScript",
          "expressions": {
            "$id": "25",
            "JavaScript": "MWPRequest.Body.RequestDetails.Order",
            "Json": "",
            "Literal": ""
          }
        }
      ],
      "propertyStorageProviders": {}
    },
    {
      "$id": "26",
      "activityId": "aa31309e-114d-4aed-a4f4-58f9563ebc42",
      "type": "Correlate",
      "displayName": "Correlate",
      "persistWorkflow": false,
      "loadWorkflowContext": false,
      "saveWorkflowContext": false,
      "properties": [
        {
          "$id": "27",
          "name": "Value",
          "syntax": "JavaScript",
          "expressions": {
            "$id": "28",
            "JavaScript": "MWPRequest.Body.RequestHeader.RequesterContext.RequestID"
          }
        }
      ],
      "propertyStorageProviders": {}
    },
    {
      "$id": "29",
      "activityId": "301e47b0-a581-4194-9313-e5ddc66d96b2",
      "type": "SendSignal",
      "displayName": "Send Signal",
      "description": "Trigger Second Workflow",
      "persistWorkflow": false,
      "loadWorkflowContext": false,
      "saveWorkflowContext": false,
      "properties": [
        {
          "$id": "30",
          "name": "Signal",
          "expressions": {
            "$id": "31",
            "Literal": "SendSignal_callback_SIT"
          }
        },
        {
          "$id": "32",
          "name": "CorrelationId",
          "syntax": "JavaScript",
          "expressions": {
            "$id": "33",
            "JavaScript": "MWPRequest.Body.RequestHeader.RequesterContext.RequestID"
          }
        },
        {
          "$id": "34",
          "name": "Input",
          "syntax": "JavaScript",
          "expressions": {
            "$id": "35",
            "Literal": "",
            "JavaScript": "MWPRequest"
          }
        }
      ],
      "propertyStorageProviders": {}
    },
    {
      "$id": "36",
      "activityId": "a7be2889-8af5-4cc6-95e2-183e1605c3e8",
      "type": "SignalReceived",
      "displayName": "Signal Received",
      "persistWorkflow": false,
      "loadWorkflowContext": false,
      "saveWorkflowContext": false,
      "properties": [
        {
          "$id": "37",
          "name": "Signal",
          "expressions": {
            "$id": "38",
            "Literal": "OrderCreated",
            "JavaScript": ""
          }
        }
      ],
      "propertyStorageProviders": {}
    },
    {
      "$id": "39",
      "activityId": "03b16308-8676-464c-94c1-0172a516754e",
      "type": "CreateOrder",
      "name": "Order Creation",
      "displayName": "Create_Order",
      "persistWorkflow": false,
      "loadWorkflowContext": false,
      "saveWorkflowContext": false,
      "properties": [],
      "propertyStorageProviders": {}
    },
    {
      "$id": "40",
      "activityId": "8808174a-f22c-4c45-8b96-ee647e6a7592",
      "type": "WriteHttpResponse",
      "displayName": "HTTP Response",
      "persistWorkflow": false,
      "loadWorkflowContext": false,
      "saveWorkflowContext": false,
      "properties": [
        {
          "$id": "41",
          "name": "Content",
          "syntax": "JavaScript",
          "expressions": {
            "$id": "42",
            "Literal": "",
            "Liquid": "CreateMWP : MWPID is already exist",
            "JavaScript": "workflowContext"
          }
        },
        {
          "$id": "43",
          "name": "ContentType",
          "expressions": {
            "$id": "44",
            "Literal": "application/json"
          }
        },
        {
          "$id": "45",
          "name": "StatusCode",
          "expressions": {
            "$id": "46",
            "Literal": "BadRequest"
          }
        },
        {
          "$id": "47",
          "name": "CharSet",
          "expressions": {
            "$id": "48"
          }
        },
        {
          "$id": "49",
          "name": "ResponseHeaders",
          "expressions": {
            "$id": "50"
          }
        }
      ],
      "propertyStorageProviders": {
        "Content": "WorkflowInstance"
      }
    },
    {
      "$id": "51",
      "activityId": "779cbd81-1d1a-4b14-b1f2-e80d698e1d60",
      "type": "If",
      "displayName": "If/Else",
      "persistWorkflow": false,
      "loadWorkflowContext": false,
      "saveWorkflowContext": false,
      "properties": [
        {
          "$id": "52",
          "name": "Condition",
          "syntax": "JavaScript",
          "expressions": {
            "$id": "53",
            "JavaScript": "TotalSPVRequestOrder == CreatedSPVRequestOrder",
            "Liquid": "{{Variables.CreatedSPVRequestOrder == Variables.TotalSPVRequestOrder}}"
          }
        }
      ],
      "propertyStorageProviders": {}
    },
    {
      "$id": "54",
      "activityId": "9eacd850-d61d-4cd0-a1d6-31e2cd44f2af",
      "type": "WriteHttpResponse",
      "displayName": "HTTP Response",
      "persistWorkflow": false,
      "loadWorkflowContext": false,
      "saveWorkflowContext": false,
      "properties": [
        {
          "$id": "55",
          "name": "Content",
          "expressions": {
            "$id": "56",
            "Literal": "Some SPVRequestOrder(s) not completely created ."
          }
        },
        {
          "$id": "57",
          "name": "ContentType",
          "expressions": {
            "$id": "58"
          }
        },
        {
          "$id": "59",
          "name": "StatusCode",
          "expressions": {
            "$id": "60",
            "Literal": "BadRequest"
          }
        },
        {
          "$id": "61",
          "name": "CharSet",
          "expressions": {
            "$id": "62"
          }
        },
        {
          "$id": "63",
          "name": "ResponseHeaders",
          "expressions": {
            "$id": "64"
          }
        }
      ],
      "propertyStorageProviders": {}
    },
    {
      "$id": "65",
      "activityId": "aa8afe2f-31ed-4732-be59-631236c03383",
      "type": "If",
      "displayName": "If/Else",
      "persistWorkflow": false,
      "loadWorkflowContext": false,
      "saveWorkflowContext": false,
      "properties": [
        {
          "$id": "66",
          "name": "Condition",
          "syntax": "JavaScript",
          "expressions": {
            "$id": "67",
            "JavaScript": "API2ComeFirst == true"
          }
        }
      ],
      "propertyStorageProviders": {}
    },
    {
      "$id": "68",
      "activityId": "448a7147-61d9-4c13-861e-7803f4d3f8d8",
      "type": "WriteHttpResponse",
      "displayName": "HTTP Response",
      "persistWorkflow": false,
      "loadWorkflowContext": false,
      "saveWorkflowContext": false,
      "properties": [
        {
          "$id": "69",
          "name": "Content",
          "expressions": {
            "$id": "70",
            "Literal": "SPV Cloned"
          }
        },
        {
          "$id": "71",
          "name": "ContentType",
          "expressions": {
            "$id": "72"
          }
        },
        {
          "$id": "73",
          "name": "StatusCode",
          "expressions": {
            "$id": "74"
          }
        },
        {
          "$id": "75",
          "name": "CharSet",
          "expressions": {
            "$id": "76"
          }
        },
        {
          "$id": "77",
          "name": "ResponseHeaders",
          "expressions": {
            "$id": "78"
          }
        }
      ],
      "propertyStorageProviders": {}
    }
  ],
  "connections": [
    {
      "$id": "79",
      "sourceActivityId": "aa31309e-114d-4aed-a4f4-58f9563ebc42",
      "targetActivityId": "6ec8f321-996f-4eea-8ff2-b5f02cbc98f2",
      "outcome": "Done"
    },
    {
      "$id": "80",
      "sourceActivityId": "301e47b0-a581-4194-9313-e5ddc66d96b2",
      "targetActivityId": "a7be2889-8af5-4cc6-95e2-183e1605c3e8",
      "outcome": "Done"
    },
    {
      "$id": "81",
      "sourceActivityId": "ae60773c-75ea-45c1-ac42-f189eb6a5fd4",
      "targetActivityId": "aa31309e-114d-4aed-a4f4-58f9563ebc42",
      "outcome": "Done"
    },
    {
      "$id": "82",
      "sourceActivityId": "6ec8f321-996f-4eea-8ff2-b5f02cbc98f2",
      "targetActivityId": "03b16308-8676-464c-94c1-0172a516754e",
      "outcome": "Iterate"
    },
    {
      "$id": "83",
      "sourceActivityId": "143caf97-50db-40d1-8f6d-2db6f26c78da",
      "targetActivityId": "8808174a-f22c-4c45-8b96-ee647e6a7592",
      "outcome": "Faulted"
    },
    {
      "$id": "84",
      "sourceActivityId": "779cbd81-1d1a-4b14-b1f2-e80d698e1d60",
      "targetActivityId": "9eacd850-d61d-4cd0-a1d6-31e2cd44f2af",
      "outcome": "False"
    },
    {
      "$id": "85",
      "sourceActivityId": "7fd2764e-952c-4f98-9860-584d4a89f718",
      "targetActivityId": "143caf97-50db-40d1-8f6d-2db6f26c78da",
      "outcome": "Done"
    },
    {
      "$id": "86",
      "sourceActivityId": "143caf97-50db-40d1-8f6d-2db6f26c78da",
      "targetActivityId": "ae60773c-75ea-45c1-ac42-f189eb6a5fd4",
      "outcome": "Done"
    },
    {
      "$id": "87",
      "sourceActivityId": "779cbd81-1d1a-4b14-b1f2-e80d698e1d60",
      "targetActivityId": "aa8afe2f-31ed-4732-be59-631236c03383",
      "outcome": "True"
    },
    {
      "$id": "88",
      "sourceActivityId": "aa8afe2f-31ed-4732-be59-631236c03383",
      "targetActivityId": "301e47b0-a581-4194-9313-e5ddc66d96b2",
      "outcome": "False"
    },
    {
      "$id": "89",
      "sourceActivityId": "aa8afe2f-31ed-4732-be59-631236c03383",
      "targetActivityId": "448a7147-61d9-4c13-861e-7803f4d3f8d8",
      "outcome": "True"
    },
    {
      "$id": "90",
      "sourceActivityId": "6ec8f321-996f-4eea-8ff2-b5f02cbc98f2",
      "targetActivityId": "779cbd81-1d1a-4b14-b1f2-e80d698e1d60",
      "outcome": "Done"
    }
  ],
  "id": "30dcd8e6a687469a938f60d3eec071a8"
}