{
  "$id": "1",
  "definitionId": "5520b265d98c46ab9e81b4eb6677c3bc",
  "versionId": "624bcaa2f0b24f9596bfda247640b778",
  "name": "OrderCreation_SIT",
  "displayName": "OrderCreation_SIT",
  "description": "Lance Revised",
  "version": 22,
  "variables": {
    "$id": "2",
    "data": {}
  },
  "customAttributes": {
    "$id": "3",
    "data": {}
  },
  "isSingleton": false,
  "persistenceBehavior": "WorkflowBurst",
  "deleteCompletedInstances": false,
  "isPublished": false,
  "isLatest": true,
  "activities": [
    {
      "$id": "4",
      "activityId": "89fe29bb-5b85-440f-ad3c-e03f933f652e",
      "type": "SignalReceived",
      "displayName": "Signal Received (API 1 -> 2 )",
      "persistWorkflow": false,
      "loadWorkflowContext": false,
      "saveWorkflowContext": false,
      "properties": [
        {
          "$id": "5",
          "name": "Signal",
          "expressions": {
            "$id": "6",
            "Literal": "SendSignal_callback_SIT"
          }
        }
      ],
      "propertyStorageProviders": {}
    },
    {
      "$id": "7",
      "activityId": "cdd5bf9d-56e0-4366-b05d-66e5457ba031",
      "type": "HttpEndpoint",
      "displayName": "HTTP Endpoint",
      "persistWorkflow": false,
      "loadWorkflowContext": false,
      "saveWorkflowContext": false,
      "properties": [
        {
          "$id": "8",
          "name": "Path",
          "expressions": {
            "$id": "9",
            "Literal": "/api/MWPApproval"
          }
        },
        {
          "$id": "10",
          "name": "Methods",
          "expressions": {
            "$id": "11",
            "Json": "[\"POST\"]"
          }
        },
        {
          "$id": "12",
          "name": "ReadContent",
          "expressions": {
            "$id": "13",
            "Literal": "true"
          }
        },
        {
          "$id": "14",
          "name": "TargetType",
          "expressions": {
            "$id": "15"
          }
        },
        {
          "$id": "16",
          "name": "Authorize",
          "expressions": {
            "$id": "17"
          }
        },
        {
          "$id": "18",
          "name": "Policy",
          "expressions": {
            "$id": "19"
          }
        }
      ],
      "propertyStorageProviders": {}
    },
    {
      "$id": "20",
      "activityId": "d8276f7b-0025-42ab-b494-43cb11a105d4",
      "type": "Finish",
      "displayName": "Finish",
      "persistWorkflow": false,
      "loadWorkflowContext": false,
      "saveWorkflowContext": false,
      "properties": [
        {
          "$id": "21",
          "name": "ActivityOutput",
          "expressions": {
            "$id": "22"
          }
        },
        {
          "$id": "23",
          "name": "OutcomeNames",
          "expressions": {
            "$id": "24"
          }
        }
      ],
      "propertyStorageProviders": {}
    },
    {
      "$id": "25",
      "activityId": "fe979c67-76cc-45fd-9dcd-d1e7e97ad271",
      "type": "UpdateSPVRequest",
      "displayName": "SaveSPVRequest",
      "persistWorkflow": false,
      "loadWorkflowContext": false,
      "saveWorkflowContext": false,
      "properties": [],
      "propertyStorageProviders": {}
    },
    {
      "$id": "26",
      "activityId": "9271394a-cbb8-487d-945d-43b2bfed6327",
      "type": "WriteHttpResponse",
      "displayName": "HTTP Response (Save Failed)",
      "persistWorkflow": false,
      "loadWorkflowContext": false,
      "saveWorkflowContext": false,
      "properties": [
        {
          "$id": "27",
          "name": "Content",
          "syntax": "JavaScript",
          "expressions": {
            "$id": "28",
            "Literal": "Save SPVOrderFailed",
            "JavaScript": "workflowContext"
          }
        },
        {
          "$id": "29",
          "name": "ContentType",
          "expressions": {
            "$id": "30",
            "Literal": "application/json"
          }
        },
        {
          "$id": "31",
          "name": "StatusCode",
          "expressions": {
            "$id": "32",
            "Literal": "BadRequest"
          }
        },
        {
          "$id": "33",
          "name": "CharSet",
          "expressions": {
            "$id": "34"
          }
        },
        {
          "$id": "35",
          "name": "ResponseHeaders",
          "expressions": {
            "$id": "36"
          }
        }
      ],
      "propertyStorageProviders": {}
    },
    {
      "$id": "37",
      "activityId": "a8859457-d6e0-4149-8080-aaa067a60fbb",
      "type": "SendSignal",
      "displayName": "Send Signal",
      "persistWorkflow": false,
      "loadWorkflowContext": false,
      "saveWorkflowContext": false,
      "properties": [
        {
          "$id": "38",
          "name": "Signal",
          "expressions": {
            "$id": "39",
            "Literal": "OrderCreated"
          }
        },
        {
          "$id": "40",
          "name": "CorrelationId",
          "expressions": {
            "$id": "41"
          }
        },
        {
          "$id": "42",
          "name": "Input",
          "expressions": {
            "$id": "43"
          }
        }
      ],
      "propertyStorageProviders": {}
    }
  ],
  "connections": [
    {
      "$id": "44",
      "sourceActivityId": "89fe29bb-5b85-440f-ad3c-e03f933f652e",
      "targetActivityId": "cdd5bf9d-56e0-4366-b05d-66e5457ba031",
      "outcome": "Done"
    },
    {
      "$id": "45",
      "sourceActivityId": "fe979c67-76cc-45fd-9dcd-d1e7e97ad271",
      "targetActivityId": "9271394a-cbb8-487d-945d-43b2bfed6327",
      "outcome": "Faulted"
    },
    {
      "$id": "46",
      "sourceActivityId": "fe979c67-76cc-45fd-9dcd-d1e7e97ad271",
      "targetActivityId": "a8859457-d6e0-4149-8080-aaa067a60fbb",
      "outcome": "Done"
    },
    {
      "$id": "47",
      "sourceActivityId": "a8859457-d6e0-4149-8080-aaa067a60fbb",
      "targetActivityId": "d8276f7b-0025-42ab-b494-43cb11a105d4",
      "outcome": "Done"
    },
    {
      "$id": "48",
      "sourceActivityId": "cdd5bf9d-56e0-4366-b05d-66e5457ba031",
      "targetActivityId": "fe979c67-76cc-45fd-9dcd-d1e7e97ad271",
      "outcome": "Done"
    },
    {
      "$id": "49",
      "sourceActivityId": "9271394a-cbb8-487d-945d-43b2bfed6327",
      "targetActivityId": "a8859457-d6e0-4149-8080-aaa067a60fbb",
      "outcome": "Done"
    }
  ],
  "id": "624bcaa2f0b24f9596bfda247640b778"
}