{
  "$id": "1",
  "definitionId": "378d7bfb549c4689b221b783cccae06c",
  "versionId": "60c66d867fae479b9302de0557480795",
  "name": "MWPCreation",
  "displayName": "MWPCreation",
  "version": 29,
  "variables": {
    "$id": "2",
    "data": {}
  },
  "customAttributes": {
    "$id": "3",
    "data": {}
  },
  "isSingleton": false,
  "persistenceBehavior": "WorkflowBurst",
  "deleteCompletedInstances": false,
  "isPublished": true,
  "isLatest": true,
  "activities": [
    {
      "$id": "4",
      "activityId": "7fd2764e-952c-4f98-9860-584d4a89f718",
      "type": "HttpEndpoint",
      "displayName": "HTTP Endpoint",
      "persistWorkflow": false,
      "loadWorkflowContext": false,
      "saveWorkflowContext": false,
      "properties": [
        {
          "$id": "5",
          "name": "Path",
          "expressions": {
            "$id": "6",
            "Literal": "/api/MWPCreation"
          }
        },
        {
          "$id": "7",
          "name": "Methods",
          "expressions": {
            "$id": "8",
            "Json": "[\"POST\"]"
          }
        },
        {
          "$id": "9",
          "name": "ReadContent",
          "expressions": {
            "$id": "10",
            "Literal": "true"
          }
        },
        {
          "$id": "11",
          "name": "TargetType",
          "expressions": {
            "$id": "12"
          }
        },
        {
          "$id": "13",
          "name": "Authorize",
          "expressions": {
            "$id": "14"
          }
        },
        {
          "$id": "15",
          "name": "Policy",
          "expressions": {
            "$id": "16"
          }
        }
      ],
      "propertyStorageProviders": {}
    },
    {
      "$id": "17",
      "activityId": "143caf97-50db-40d1-8f6d-2db6f26c78da",
      "type": "CreateMwp",
      "name": "AddMWP",
      "displayName": "Create_Mwp",
      "persistWorkflow": false,
      "loadWorkflowContext": false,
      "saveWorkflowContext": false,
      "properties": [],
      "propertyStorageProviders": {}
    },
    {
      "$id": "18",
      "activityId": "ae60773c-75ea-45c1-ac42-f189eb6a5fd4",
      "type": "SetVariable",
      "displayName": "Set Variable",
      "persistWorkflow": false,
      "loadWorkflowContext": false,
      "saveWorkflowContext": false,
      "properties": [
        {
          "$id": "19",
          "name": "VariableName",
          "expressions": {
            "$id": "20",
            "Literal": "MWPRequest"
          }
        },
        {
          "$id": "21",
          "name": "Value",
          "syntax": "JavaScript",
          "expressions": {
            "$id": "22",
            "JavaScript": "input"
          }
        }
      ],
      "propertyStorageProviders": {}
    },
    {
      "$id": "23",
      "activityId": "6ec8f321-996f-4eea-8ff2-b5f02cbc98f2",
      "type": "ForEach",
      "displayName": "For Each",
      "persistWorkflow": false,
      "loadWorkflowContext": false,
      "saveWorkflowContext": false,
      "properties": [
        {
          "$id": "24",
          "name": "Items",
          "syntax": "JavaScript",
          "expressions": {
            "$id": "25",
            "JavaScript": "MWPRequest.Body.RequestDetails.Order",
            "Json": "",
            "Literal": ""
          }
        }
      ],
      "propertyStorageProviders": {}
    },
    {
      "$id": "26",
      "activityId": "3dbeaa96-a75e-4d8a-a10a-a2207e334698",
      "type": "WriteHttpResponse",
      "displayName": "HTTP Response",
      "persistWorkflow": false,
      "loadWorkflowContext": false,
      "saveWorkflowContext": false,
      "properties": [
        {
          "$id": "27",
          "name": "Content",
          "syntax": "JavaScript",
          "expressions": {
            "$id": "28",
            "Literal": "",
            "JavaScript": "\"SUCCESS\""
          }
        },
        {
          "$id": "29",
          "name": "ContentType",
          "expressions": {
            "$id": "30"
          }
        },
        {
          "$id": "31",
          "name": "StatusCode",
          "expressions": {
            "$id": "32"
          }
        },
        {
          "$id": "33",
          "name": "CharSet",
          "expressions": {
            "$id": "34"
          }
        },
        {
          "$id": "35",
          "name": "ResponseHeaders",
          "expressions": {
            "$id": "36"
          }
        }
      ],
      "propertyStorageProviders": {}
    },
    {
      "$id": "37",
      "activityId": "aa31309e-114d-4aed-a4f4-58f9563ebc42",
      "type": "Correlate",
      "displayName": "Correlate",
      "persistWorkflow": false,
      "loadWorkflowContext": false,
      "saveWorkflowContext": false,
      "properties": [
        {
          "$id": "38",
          "name": "Value",
          "syntax": "JavaScript",
          "expressions": {
            "$id": "39",
            "JavaScript": "MWPRequest.Body.RequestHeader.RequesterContext.RequestID"
          }
        }
      ],
      "propertyStorageProviders": {}
    },
    {
      "$id": "40",
      "activityId": "301e47b0-a581-4194-9313-e5ddc66d96b2",
      "type": "SendSignal",
      "displayName": "Send Signal",
      "persistWorkflow": false,
      "loadWorkflowContext": false,
      "saveWorkflowContext": false,
      "properties": [
        {
          "$id": "41",
          "name": "Signal",
          "expressions": {
            "$id": "42",
            "Literal": "SendSignal_callback"
          }
        },
        {
          "$id": "43",
          "name": "CorrelationId",
          "syntax": "JavaScript",
          "expressions": {
            "$id": "44",
            "JavaScript": "input.Id"
          }
        },
        {
          "$id": "45",
          "name": "Input",
          "syntax": "JavaScript",
          "expressions": {
            "$id": "46",
            "Literal": "",
            "JavaScript": "input"
          }
        }
      ],
      "propertyStorageProviders": {}
    },
    {
      "$id": "47",
      "activityId": "a7be2889-8af5-4cc6-95e2-183e1605c3e8",
      "type": "SignalReceived",
      "displayName": "Signal Received",
      "persistWorkflow": false,
      "loadWorkflowContext": false,
      "saveWorkflowContext": false,
      "properties": [
        {
          "$id": "48",
          "name": "Signal",
          "expressions": {
            "$id": "49",
            "Literal": "OrderCreated",
            "JavaScript": ""
          }
        }
      ],
      "propertyStorageProviders": {}
    }
  ],
  "connections": [
    {
      "$id": "50",
      "sourceActivityId": "7fd2764e-952c-4f98-9860-584d4a89f718",
      "targetActivityId": "143caf97-50db-40d1-8f6d-2db6f26c78da",
      "outcome": "Done"
    },
    {
      "$id": "51",
      "sourceActivityId": "143caf97-50db-40d1-8f6d-2db6f26c78da",
      "targetActivityId": "ae60773c-75ea-45c1-ac42-f189eb6a5fd4",
      "outcome": "Done"
    },
    {
      "$id": "52",
      "sourceActivityId": "6ec8f321-996f-4eea-8ff2-b5f02cbc98f2",
      "targetActivityId": "3dbeaa96-a75e-4d8a-a10a-a2207e334698",
      "outcome": "Done"
    },
    {
      "$id": "53",
      "sourceActivityId": "aa31309e-114d-4aed-a4f4-58f9563ebc42",
      "targetActivityId": "6ec8f321-996f-4eea-8ff2-b5f02cbc98f2",
      "outcome": "Done"
    },
    {
      "$id": "54",
      "sourceActivityId": "301e47b0-a581-4194-9313-e5ddc66d96b2",
      "targetActivityId": "a7be2889-8af5-4cc6-95e2-183e1605c3e8",
      "outcome": "Done"
    },
    {
      "$id": "55",
      "sourceActivityId": "6ec8f321-996f-4eea-8ff2-b5f02cbc98f2",
      "targetActivityId": "301e47b0-a581-4194-9313-e5ddc66d96b2",
      "outcome": "Iterate"
    },
    {
      "$id": "56",
      "sourceActivityId": "ae60773c-75ea-45c1-ac42-f189eb6a5fd4",
      "targetActivityId": "aa31309e-114d-4aed-a4f4-58f9563ebc42",
      "outcome": "Done"
    }
  ],
  "id": "60c66d867fae479b9302de0557480795"
}