{
  "$id": "1",
  "definitionId": "541047a3cfe84fe19aadf8c3958640e4",
  "versionId": "5f14222d731e421b8b26052a5702cf5b",
  "name": "OrderCreation",
  "displayName": "OrderCreation",
  "version": 57,
  "variables": {
    "$id": "2",
    "data": {}
  },
  "customAttributes": {
    "$id": "3",
    "data": {}
  },
  "isSingleton": false,
  "persistenceBehavior": "WorkflowBurst",
  "deleteCompletedInstances": false,
  "isPublished": true,
  "isLatest": true,
  "activities": [
    {
      "$id": "4",
      "activityId": "fd8c3e67-a347-49b4-9582-b979f0102671",
      "type": "SignalReceived",
      "displayName": "Signal Received",
      "persistWorkflow": false,
      "loadWorkflowContext": false,
      "saveWorkflowContext": false,
      "properties": [
        {
          "$id": "5",
          "name": "Signal",
          "expressions": {
            "$id": "6",
            "Literal": "SendSignal_callback"
          }
        }
      ],
      "propertyStorageProviders": {}
    },
    {
      "$id": "7",
      "activityId": "129a940e-91ce-4220-a4ed-d371ab8f4caf",
      "type": "SaveSPVRequestOrderToComplete",
      "name": "Save SPVRequestOrder",
      "displayName": "SaveSPVRequestOrderToComplete",
      "persistWorkflow": false,
      "loadWorkflowContext": false,
      "saveWorkflowContext": false,
      "properties": [],
      "propertyStorageProviders": {}
    },
    {
      "$id": "8",
      "activityId": "1eff872a-2069-4331-8af8-f5e162947b61",
      "type": "WriteHttpResponse",
      "displayName": "HTTP Response",
      "persistWorkflow": false,
      "loadWorkflowContext": false,
      "saveWorkflowContext": false,
      "properties": [
        {
          "$id": "9",
          "name": "Content",
          "expressions": {
            "$id": "10",
            "Literal": "FINISH"
          }
        },
        {
          "$id": "11",
          "name": "ContentType",
          "expressions": {
            "$id": "12"
          }
        },
        {
          "$id": "13",
          "name": "StatusCode",
          "expressions": {
            "$id": "14"
          }
        },
        {
          "$id": "15",
          "name": "CharSet",
          "expressions": {
            "$id": "16"
          }
        },
        {
          "$id": "17",
          "name": "ResponseHeaders",
          "expressions": {
            "$id": "18"
          }
        }
      ],
      "propertyStorageProviders": {}
    },
    {
      "$id": "19",
      "activityId": "6d83ba8c-e301-4263-8230-80e4aa1eace7",
      "type": "Finish",
      "displayName": "Finish",
      "persistWorkflow": false,
      "loadWorkflowContext": false,
      "saveWorkflowContext": false,
      "properties": [
        {
          "$id": "20",
          "name": "ActivityOutput",
          "expressions": {
            "$id": "21",
            "Literal": "Finish"
          }
        },
        {
          "$id": "22",
          "name": "OutcomeNames",
          "expressions": {
            "$id": "23"
          }
        }
      ],
      "propertyStorageProviders": {}
    },
    {
      "$id": "24",
      "activityId": "87593526-2ec6-48e3-921e-1fb606f7c487",
      "type": "WriteHttpResponse",
      "displayName": "HTTP Response",
      "persistWorkflow": false,
      "loadWorkflowContext": false,
      "saveWorkflowContext": false,
      "properties": [
        {
          "$id": "25",
          "name": "Content",
          "expressions": {
            "$id": "26",
            "Literal": "\"SUCCESS Draft Saved Successfully\""
          }
        },
        {
          "$id": "27",
          "name": "ContentType",
          "expressions": {
            "$id": "28"
          }
        },
        {
          "$id": "29",
          "name": "StatusCode",
          "expressions": {
            "$id": "30"
          }
        },
        {
          "$id": "31",
          "name": "CharSet",
          "expressions": {
            "$id": "32"
          }
        },
        {
          "$id": "33",
          "name": "ResponseHeaders",
          "expressions": {
            "$id": "34"
          }
        }
      ],
      "propertyStorageProviders": {}
    },
    {
      "$id": "35",
      "activityId": "a415d688-d99d-4bde-808b-3dd33bdba6a8",
      "type": "WriteLine",
      "displayName": "Write Line",
      "persistWorkflow": false,
      "loadWorkflowContext": false,
      "saveWorkflowContext": false,
      "properties": [
        {
          "$id": "36",
          "name": "Text",
          "expressions": {
            "$id": "37",
            "Literal": "PTC"
          }
        }
      ],
      "propertyStorageProviders": {}
    },
    {
      "$id": "38",
      "activityId": "37551913-56d9-4a8a-a4ec-2baf8836d4e2",
      "type": "Fork",
      "displayName": "Fork",
      "persistWorkflow": false,
      "loadWorkflowContext": false,
      "saveWorkflowContext": false,
      "properties": [
        {
          "$id": "39",
          "name": "Branches",
          "expressions": {
            "$id": "40",
            "Json": "[\"Failed\",\"Success\"]"
          }
        }
      ],
      "propertyStorageProviders": {}
    },
    {
      "$id": "41",
      "activityId": "6aad9148-d67a-445e-8ff9-dc42df525f7a",
      "type": "SaveSPVRequestOrderToComplete",
      "name": "Save SPVRequestOrder",
      "displayName": "SaveSPVRequestOrderToComplete",
      "persistWorkflow": false,
      "loadWorkflowContext": false,
      "saveWorkflowContext": false,
      "properties": [],
      "propertyStorageProviders": {}
    },
    {
      "$id": "42",
      "activityId": "c3aafd73-215e-4baf-8138-2b5c306a7022",
      "type": "WriteHttpResponse",
      "displayName": "HTTP Response",
      "persistWorkflow": false,
      "loadWorkflowContext": false,
      "saveWorkflowContext": false,
      "properties": [
        {
          "$id": "43",
          "name": "Content",
          "syntax": "JavaScript",
          "expressions": {
            "$id": "44",
            "Literal": "",
            "JavaScript": "\"SUCCESS\""
          }
        },
        {
          "$id": "45",
          "name": "ContentType",
          "expressions": {
            "$id": "46"
          }
        },
        {
          "$id": "47",
          "name": "StatusCode",
          "expressions": {
            "$id": "48"
          }
        },
        {
          "$id": "49",
          "name": "CharSet",
          "expressions": {
            "$id": "50"
          }
        },
        {
          "$id": "51",
          "name": "ResponseHeaders",
          "expressions": {
            "$id": "52"
          }
        }
      ],
      "propertyStorageProviders": {}
    },
    {
      "$id": "53",
      "activityId": "db0f1260-8298-4b3b-9e0a-08b7b3ae3d5a",
      "type": "SaveSPVRequestOrderToPTCFailed",
      "name": "Save SPVRequestOrder PTCFailed",
      "displayName": "SaveSPVRequestOrderToPTCFailed",
      "persistWorkflow": false,
      "loadWorkflowContext": false,
      "saveWorkflowContext": false,
      "properties": [],
      "propertyStorageProviders": {}
    },
    {
      "$id": "54",
      "activityId": "7f85d34c-1e31-4fd9-a9ec-76780cc146d4",
      "type": "WriteHttpResponse",
      "displayName": "HTTP Response",
      "persistWorkflow": false,
      "loadWorkflowContext": false,
      "saveWorkflowContext": false,
      "properties": [
        {
          "$id": "55",
          "name": "Content",
          "syntax": "JavaScript",
          "expressions": {
            "$id": "56",
            "JavaScript": "\"SUCCESS\""
          }
        },
        {
          "$id": "57",
          "name": "ContentType",
          "expressions": {
            "$id": "58"
          }
        },
        {
          "$id": "59",
          "name": "StatusCode",
          "expressions": {
            "$id": "60"
          }
        },
        {
          "$id": "61",
          "name": "CharSet",
          "expressions": {
            "$id": "62"
          }
        },
        {
          "$id": "63",
          "name": "ResponseHeaders",
          "expressions": {
            "$id": "64"
          }
        }
      ],
      "propertyStorageProviders": {}
    },
    {
      "$id": "65",
      "activityId": "d54c4512-e7d3-4c24-9cb4-9f3d502a60a4",
      "type": "SendSignal",
      "displayName": "Send Signal",
      "persistWorkflow": false,
      "loadWorkflowContext": false,
      "saveWorkflowContext": false,
      "properties": [
        {
          "$id": "66",
          "name": "Signal",
          "expressions": {
            "$id": "67",
            "Literal": "OrderCreated",
            "JavaScript": ""
          }
        },
        {
          "$id": "68",
          "name": "CorrelationId",
          "syntax": "JavaScript",
          "expressions": {
            "$id": "69",
            "JavaScript": "input.RequestID"
          }
        },
        {
          "$id": "70",
          "name": "Input",
          "syntax": "JavaScript",
          "expressions": {
            "$id": "71",
            "JavaScript": "input"
          }
        }
      ],
      "propertyStorageProviders": {}
    },
    {
      "$id": "72",
      "activityId": "eeca1656-4b8d-477b-8c78-97b030c22a23",
      "type": "CreateOrder",
      "name": "Save Order Details",
      "displayName": "Create_Order",
      "persistWorkflow": false,
      "loadWorkflowContext": false,
      "saveWorkflowContext": false,
      "properties": [],
      "propertyStorageProviders": {}
    },
    {
      "$id": "73",
      "activityId": "070e479c-75d9-4c14-92a1-ab75fe135639",
      "type": "Switch",
      "displayName": "Switch",
      "persistWorkflow": false,
      "loadWorkflowContext": false,
      "saveWorkflowContext": false,
      "properties": [
        {
          "$id": "74",
          "name": "Cases",
          "expressions": {
            "$id": "75",
            "Switch": "[{\"name\":\"False\",\"syntax\":\"JavaScript\",\"expressions\":{\"JavaScript\":\"input.Body.RequestDetails.OrderStatusIndicator == \\\"false\\\"\"}},{\"name\":\"True\",\"syntax\":\"JavaScript\",\"expressions\":{\"JavaScript\":\"input.Body.RequestDetails.OrderStatusIndicator == \\\"true\\\"\"}}]"
          }
        },
        {
          "$id": "76",
          "name": "Mode",
          "expressions": {
            "$id": "77",
            "Literal": "MatchAny"
          }
        }
      ],
      "propertyStorageProviders": {}
    },
    {
      "$id": "78",
      "activityId": "c96d7e9f-1498-437c-885a-104daacc4785",
      "type": "Switch",
      "displayName": "Switch",
      "persistWorkflow": false,
      "loadWorkflowContext": false,
      "saveWorkflowContext": false,
      "properties": [
        {
          "$id": "79",
          "name": "Cases",
          "expressions": {
            "$id": "80",
            "Switch": "[{\"name\":\"True\",\"syntax\":\"JavaScript\",\"expressions\":{\"JavaScript\":\"input.Body.RequestDetails.OrderStatusIndicator==\\\"true\\\"\"}},{\"name\":\"False\",\"syntax\":\"JavaScript\",\"expressions\":{\"JavaScript\":\"input.Body.RequestDetails.OrderStatusIndicator==\\\"false\\\"\"}}]"
          }
        },
        {
          "$id": "81",
          "name": "Mode",
          "expressions": {
            "$id": "82",
            "Literal": "MatchAny"
          }
        }
      ],
      "propertyStorageProviders": {}
    },
    {
      "$id": "83",
      "activityId": "8443484e-ce73-4f91-a7fa-be5840d587f3",
      "type": "WriteLine",
      "displayName": "Write Line",
      "persistWorkflow": false,
      "loadWorkflowContext": false,
      "saveWorkflowContext": false,
      "properties": [
        {
          "$id": "84",
          "name": "Text",
          "syntax": "JavaScript",
          "expressions": {
            "$id": "85",
            "JavaScript": "input"
          }
        }
      ],
      "propertyStorageProviders": {}
    },
    {
      "$id": "86",
      "activityId": "1fe88c06-2be0-4e82-b765-c0b0cfdacbc7",
      "type": "SetVariable",
      "displayName": "Set Variable",
      "persistWorkflow": false,
      "loadWorkflowContext": false,
      "saveWorkflowContext": false,
      "properties": [
        {
          "$id": "87",
          "name": "VariableName",
          "expressions": {
            "$id": "88",
            "Literal": "OrderData"
          }
        },
        {
          "$id": "89",
          "name": "Value",
          "syntax": "JavaScript",
          "expressions": {
            "$id": "90",
            "JavaScript": "input.RawBody"
          }
        }
      ],
      "propertyStorageProviders": {}
    },
    {
      "$id": "91",
      "activityId": "5cf05a82-b9fc-4179-be86-3658fc55fe60",
      "type": "HttpEndpoint",
      "displayName": "HTTP Endpoint",
      "persistWorkflow": false,
      "loadWorkflowContext": false,
      "saveWorkflowContext": false,
      "properties": [
        {
          "$id": "92",
          "name": "Path",
          "expressions": {
            "$id": "93",
            "Literal": "/api/ConfirmOrder"
          }
        },
        {
          "$id": "94",
          "name": "Methods",
          "expressions": {
            "$id": "95",
            "Json": "[\"POST\"]"
          }
        },
        {
          "$id": "96",
          "name": "ReadContent",
          "expressions": {
            "$id": "97",
            "Literal": "true"
          }
        },
        {
          "$id": "98",
          "name": "TargetType",
          "expressions": {
            "$id": "99"
          }
        },
        {
          "$id": "100",
          "name": "Authorize",
          "expressions": {
            "$id": "101"
          }
        },
        {
          "$id": "102",
          "name": "Policy",
          "expressions": {
            "$id": "103"
          }
        }
      ],
      "propertyStorageProviders": {}
    },
    {
      "$id": "104",
      "activityId": "037e51d3-862a-47f3-b9f9-6e003f89922c",
      "type": "WriteLine",
      "displayName": "Write Line",
      "persistWorkflow": false,
      "loadWorkflowContext": false,
      "saveWorkflowContext": false,
      "properties": [
        {
          "$id": "105",
          "name": "Text",
          "syntax": "JavaScript",
          "expressions": {
            "$id": "106",
            "JavaScript": "input.Body.RequestDetails.OrderStatusIndicator"
          }
        }
      ],
      "propertyStorageProviders": {}
    }
  ],
  "connections": [
    {
      "$id": "107",
      "sourceActivityId": "1eff872a-2069-4331-8af8-f5e162947b61",
      "targetActivityId": "6d83ba8c-e301-4263-8230-80e4aa1eace7",
      "outcome": "Done"
    },
    {
      "$id": "108",
      "sourceActivityId": "a415d688-d99d-4bde-808b-3dd33bdba6a8",
      "targetActivityId": "37551913-56d9-4a8a-a4ec-2baf8836d4e2",
      "outcome": "Done"
    },
    {
      "$id": "109",
      "sourceActivityId": "37551913-56d9-4a8a-a4ec-2baf8836d4e2",
      "targetActivityId": "6aad9148-d67a-445e-8ff9-dc42df525f7a",
      "outcome": "Success"
    },
    {
      "$id": "110",
      "sourceActivityId": "6aad9148-d67a-445e-8ff9-dc42df525f7a",
      "targetActivityId": "c3aafd73-215e-4baf-8138-2b5c306a7022",
      "outcome": "Done"
    },
    {
      "$id": "111",
      "sourceActivityId": "c3aafd73-215e-4baf-8138-2b5c306a7022",
      "targetActivityId": "129a940e-91ce-4220-a4ed-d371ab8f4caf",
      "outcome": "Done"
    },
    {
      "$id": "112",
      "sourceActivityId": "37551913-56d9-4a8a-a4ec-2baf8836d4e2",
      "targetActivityId": "db0f1260-8298-4b3b-9e0a-08b7b3ae3d5a",
      "outcome": "Failed"
    },
    {
      "$id": "113",
      "sourceActivityId": "db0f1260-8298-4b3b-9e0a-08b7b3ae3d5a",
      "targetActivityId": "7f85d34c-1e31-4fd9-a9ec-76780cc146d4",
      "outcome": "Done"
    },
    {
      "$id": "114",
      "sourceActivityId": "7f85d34c-1e31-4fd9-a9ec-76780cc146d4",
      "targetActivityId": "129a940e-91ce-4220-a4ed-d371ab8f4caf",
      "outcome": "Done"
    },
    {
      "$id": "115",
      "sourceActivityId": "070e479c-75d9-4c14-92a1-ab75fe135639",
      "targetActivityId": "129a940e-91ce-4220-a4ed-d371ab8f4caf",
      "outcome": "False"
    },
    {
      "$id": "116",
      "sourceActivityId": "129a940e-91ce-4220-a4ed-d371ab8f4caf",
      "targetActivityId": "c96d7e9f-1498-437c-885a-104daacc4785",
      "outcome": "Done"
    },
    {
      "$id": "117",
      "sourceActivityId": "c96d7e9f-1498-437c-885a-104daacc4785",
      "targetActivityId": "a415d688-d99d-4bde-808b-3dd33bdba6a8",
      "outcome": "False"
    },
    {
      "$id": "118",
      "sourceActivityId": "c96d7e9f-1498-437c-885a-104daacc4785",
      "targetActivityId": "87593526-2ec6-48e3-921e-1fb606f7c487",
      "outcome": "True"
    },
    {
      "$id": "119",
      "sourceActivityId": "fd8c3e67-a347-49b4-9582-b979f0102671",
      "targetActivityId": "eeca1656-4b8d-477b-8c78-97b030c22a23",
      "outcome": "Done"
    },
    {
      "$id": "120",
      "sourceActivityId": "070e479c-75d9-4c14-92a1-ab75fe135639",
      "targetActivityId": "8443484e-ce73-4f91-a7fa-be5840d587f3",
      "outcome": "True"
    },
    {
      "$id": "121",
      "sourceActivityId": "8443484e-ce73-4f91-a7fa-be5840d587f3",
      "targetActivityId": "1eff872a-2069-4331-8af8-f5e162947b61",
      "outcome": "Done"
    },
    {
      "$id": "122",
      "sourceActivityId": "eeca1656-4b8d-477b-8c78-97b030c22a23",
      "targetActivityId": "1fe88c06-2be0-4e82-b765-c0b0cfdacbc7",
      "outcome": "Done"
    },
    {
      "$id": "123",
      "sourceActivityId": "1fe88c06-2be0-4e82-b765-c0b0cfdacbc7",
      "targetActivityId": "d54c4512-e7d3-4c24-9cb4-9f3d502a60a4",
      "outcome": "Done"
    },
    {
      "$id": "124",
      "sourceActivityId": "d54c4512-e7d3-4c24-9cb4-9f3d502a60a4",
      "targetActivityId": "5cf05a82-b9fc-4179-be86-3658fc55fe60",
      "outcome": "Done"
    },
    {
      "$id": "125",
      "sourceActivityId": "5cf05a82-b9fc-4179-be86-3658fc55fe60",
      "targetActivityId": "037e51d3-862a-47f3-b9f9-6e003f89922c",
      "outcome": "Done"
    },
    {
      "$id": "126",
      "sourceActivityId": "037e51d3-862a-47f3-b9f9-6e003f89922c",
      "targetActivityId": "070e479c-75d9-4c14-92a1-ab75fe135639",
      "outcome": "Done"
    },
    {
      "$id": "127",
      "sourceActivityId": "87593526-2ec6-48e3-921e-1fb606f7c487",
      "targetActivityId": "5cf05a82-b9fc-4179-be86-3658fc55fe60",
      "outcome": "Done"
    }
  ],
  "id": "5f14222d731e421b8b26052a5702cf5b"
}