{
  "$id": "1",
  "definitionId": "51940796841942d5b7de96ed572611f3",
  "versionId": "70f87fa5c3be4ff280ef9657643f9013",
  "name": "Overall PTC",
  "displayName": "Overall PTC",
  "version": 2,
  "variables": {
    "$id": "2",
    "data": {}
  },
  "customAttributes": {
    "$id": "3",
    "data": {}
  },
  "isSingleton": false,
  "persistenceBehavior": "WorkflowBurst",
  "deleteCompletedInstances": false,
  "isPublished": true,
  "isLatest": true,
  "activities": [
    {
      "$id": "4",
      "activityId": "ce3918e7-82a3-4df9-b37f-86b5d0b22be9",
      "type": "SignalReceived",
      "displayName": "Signal Received",
      "persistWorkflow": false,
      "loadWorkflowContext": false,
      "saveWorkflowContext": false,
      "properties": [
        {
          "$id": "5",
          "name": "Signal",
          "expressions": {
            "$id": "6",
            "Literal": "MWPSignal_callback"
          }
        }
      ],
      "propertyStorageProviders": {}
    },
    {
      "$id": "7",
      "activityId": "81c8c53f-b5d7-4558-899c-904a25827bbe",
      "type": "GetOrderByMWPId",
      "name": "Get Order Details",
      "displayName": "GetOrderByMWPId",
      "persistWorkflow": false,
      "loadWorkflowContext": false,
      "saveWorkflowContext": false,
      "properties": [],
      "propertyStorageProviders": {}
    },
    {
      "$id": "8",
      "activityId": "18bbd696-fe16-4f97-9e9d-5dff541cfb72",
      "type": "GetAllCASAAccounts",
      "name": "Get All CASA Accounts",
      "displayName": "GetAllCASAAccounts",
      "persistWorkflow": false,
      "loadWorkflowContext": false,
      "saveWorkflowContext": false,
      "properties": [],
      "propertyStorageProviders": {}
    },
    {
      "$id": "9",
      "activityId": "1a635c6d-72a1-44bd-ba7a-2bcb45242355",
      "type": "Fork",
      "displayName": "Fork",
      "persistWorkflow": false,
      "loadWorkflowContext": false,
      "saveWorkflowContext": false,
      "properties": [
        {
          "$id": "10",
          "name": "Branches",
          "expressions": {
            "$id": "11",
            "Json": "[\"RIMT09\",\"RIMT11\",\"RIMT21\"]"
          }
        }
      ],
      "propertyStorageProviders": {}
    }
  ],
  "connections": [
    {
      "$id": "12",
      "sourceActivityId": "ce3918e7-82a3-4df9-b37f-86b5d0b22be9",
      "targetActivityId": "81c8c53f-b5d7-4558-899c-904a25827bbe",
      "outcome": "Done"
    },
    {
      "$id": "13",
      "sourceActivityId": "81c8c53f-b5d7-4558-899c-904a25827bbe",
      "targetActivityId": "18bbd696-fe16-4f97-9e9d-5dff541cfb72",
      "outcome": "Done"
    },
    {
      "$id": "14",
      "sourceActivityId": "18bbd696-fe16-4f97-9e9d-5dff541cfb72",
      "targetActivityId": "1a635c6d-72a1-44bd-ba7a-2bcb45242355",
      "outcome": "Done"
    }
  ],
  "id": "70f87fa5c3be4ff280ef9657643f9013"
}